year,country,Energy type,type electricity available,total electricity available (TWh),type electricity rate(%),type emission  (Gt of CO₂eq),total emission (Gt of CO₂eq),type emission rate （%）,type Carbon Intensity (gCo2eq/kWh),
2023,United States,gas,1640,4040,40.66,0.865,1.63,52.9,526,,
2023,United States,biomass,8.98,4040,0.22,0.00257,1.63,0.16,286,,
2023,United States,oil,3.66,4040,0.09,0.00383,1.63,0.23,1048,,
2023,United States,coal,685,4040,16.95,0.719,1.63,44,1050,,
2023,United States,wind,424,4040,10.48,0.00466,1.63,0.29,11,,
2023,United States,solar,151,4040,3.73,0.00396,1.63,0.24,26,,
2023,United States,hydro,248,4040,6.12,0.00594,1.63,0.36,24,,
2023,United States,geothermal,7.32,4040,0.18,0.000797,1.63,0.05,109,,
2023,United States,nuclear,776,4040,19.2,0.00932,1.63,0.57,12,,
2023,United States,unknown,57,4040,1.41,0.0399,1.63,2.44,700,,
2023,Japan,gas,288,868,33.17,0.141,0.402,35.11,490,,
2023,Japan,biomass,17.9,868,2.06,0.00412,0.402,1.02,230,,
2023,Japan,oil,28.4,868,3.27,0.0185,0.402,4.6,650,,
2023,Japan,coal,257,868,29.65,0.211,0.402,52.52,820,,
2023,Japan,wind,6.87,868,0.79,0.0000756,0.402,0.02,11,,
2023,Japan,solar,92.6,868,10.67,0.00417,0.402,1.04,45,,
2023,Japan,hydro,65.4,868,7.53,0.00157,0.402,0.39,24,,
2023,Japan,geothermal,2.46,868,0.28,0.0000935,0.402,0.02,38,,
2023,Japan,nuclear,72,868,8.3,0.000864,0.402,0.22,12,,
2023,Japan,unknown,33.6,868,3.89,0.0236,0.402,5.88,700,,
2023,Finland,gas,1.8,84.4,2.14,0.00108,0.00749,14.37,597,,
2023,Finland,biomass,5.58,84.4,6.62,0.00128,0.00749,17.15,230,,
2023,Finland,oil,0.0092,84.4,0.01,0.00000814,0.00749,0.11,885,,
2023,Finland,coal,5.21,84.4,6.17,0.00405,0.00749,54.11,778,,
2023,Finland,wind,18.9,84.4,22.41,0.000239,0.00749,3.19,13,,
2023,Finland,solar,0.719,84.4,0.85,0.0000324,0.00749,0.43,45,,
2023,Finland,hydro,13.9,84.4,16.42,0.000148,0.00749,1.98,11,,
2023,Finland,geothermal,0,84.4,0,0,0.00749,0,38,,
2023,Finland,nuclear,27.8,84.4,32.89,0.000142,0.00749,1.9,5,,
2023,Finland,unknown,0.723,84.4,0.86,0.000506,0.00749,6.76,700,,
2023,Switzerland,gas,0,90,0,0,0.00323,0,490,,
2023,Switzerland,biomass,6.33,90,7.03,0.00145,0.00323,45.06,230,,
2023,Switzerland,oil,0,90,0,0,0.00323,0,650,,
2023,Switzerland,coal,0,90,0,0,0.00323,0,820,,
2023,Switzerland,wind,0.0868,90,0.1,9.55E-7,0.00323,0.03,11,,
2023,Switzerland,solar,4.29,90,4.76,0.000126,0.00323,3.92,30,,
2023,Switzerland,hydro,22.1,90,24.61,0.000532,0.00323,16.46,24,,
2023,Switzerland,geothermal,0,90,0,0,0.00323,0,38,,
2023,Switzerland,nuclear,23.5,90,26.12,0.000282,0.00323,8.74,12,,
2023,Switzerland,unknown,5.05,90,5.61,0.000833,0.00323,25.79,165,,
2023,Italy,gas,101,281,35.92,0.0541,0.083,65.16,536,,
2023,Italy,biomass,6.44,281,2.29,0.00148,0.083,1.78,230,,
2023,Italy,oil,1.43,281,0.51,0.00158,0.083,1.91,1105,,
2023,Italy,coal,12.1,281,4.33,0.0129,0.083,15.54,1061,,
2023,Italy,wind,23.3,281,8.3,0.000294,0.083,0.35,13,,
2023,Italy,solar,24.2,281,8.6,0.000635,0.083,0.76,26,,
2023,Italy,hydro,35.9,281,12.78,0.000384,0.083,0.46,11,,
2023,Italy,geothermal,5.35,281,1.9,0.000203,0.083,0.24,38,,
2023,Italy,nuclear,0,281,0,0,0.083,0,5,,
2023,Italy,unknown,16.3,281,5.81,0.0114,0.083,13.77,700,,
2023,Spain,gas,54.4,260,20.95,0.0283,0.0379,74.67,520,,
2023,Spain,biomass,5.28,260,2.03,0.00121,0.0379,3.21,230,,
2023,Spain,oil,0.433,260,0.17,0.000383,0.0379,1.01,885,,
2023,Spain,coal,3.94,260,1.52,0.00505,0.0379,13.34,1281,,
2023,Spain,wind,61.1,260,23.52,0.000771,0.0379,2.04,13,,
2023,Spain,solar,40.4,260,15.57,0.00107,0.0379,2.83,26,,
2023,Spain,hydro,24.2,260,9.34,0.000259,0.0379,0.69,11,,
2023,Spain,geothermal,0,260,0,0,0.0379,0,38,,
2023,Spain,nuclear,54.4,260,20.94,0.000279,0.0379,0.74,5,,
2023,Spain,unknown,0.806,260,0.31,0.000564,0.0379,1.49,700,,
2023,China,gas (thermal power),6.26574,9.45644,66.621,无,无,无,无,,
2023,China,biomass,无,9.45644,无,无,无,无,无,,
2023,China,oil (thermal power),6.26574,9.45644,66.62,无,无,无,无,,
2023,China,coal (thermal power),6.26574,9.45644,66.62,无,无,无,无,,
2023,China,wind,0.88587,9.45644,9.368,无,无,无,无,,
2023,China,solar,0.58415,9.45644,6.177,无,无,无,无,,
2023,China,hydro,1.28585,9.45644,13.598,无,无,无,无,,
2023,China,geothermal,无,9.45644,无,无,无,无,无,,
2023,China,nuclear,0.43472,9.45644,4.597,无,无,无,无,,
2023,China,unknown,无,9.45644,无,无,无,无,无,,
2023,France,gas,已有,已有,已有,已有,已有,已有,已有,,
2023,France,biomass,已有,已有,已有,已有,已有,已有,已有,,
2023,France,oil,已有,已有,已有,已有,已有,已有,已有,,
2023,France,coal,已有,已有,已有,已有,已有,已有,已有,,
2023,France,wind,已有,已有,已有,已有,已有,已有,已有,,
2023,France,solar,已有,已有,已有,已有,已有,已有,已有,,
2023,France,hydro,已有,已有,已有,已有,已有,已有,已有,,
2023,France,geothermal,已有,已有,已有,已有,已有,已有,已有,,
2023,France,nuclear,已有,已有,已有,已有,已有,已有,已有,,
2023,France,unknown,已有,已有,已有,已有,已有,已有,已有,,
2023,Netherlands,gas,47.6,134,35.42,0.025,0.0351,71.16,524,,
2023,Netherlands,biomass,6.46,134,4.8,0.00149,0.0351,4.23,230,,
2023,Netherlands,oil,0,134,0,0,0.0351,0,1170,,
2023,Netherlands,coal,7.75,134,5.76,0.00666,0.0351,18.97,859,,
2023,Netherlands,wind,29.2,134,21.69,0.000368,0.0351,1.05,13,,
2023,Netherlands,solar,22.2,134,16.48,0.000809,0.0351,2.31,37,,
2023,Netherlands,hydro,0,134,0,0,0.0351,0,11,,
2023,Netherlands,geothermal,1.26,134,0.94,0.0000479,0.0351,0.14,38,,
2023,Netherlands,nuclear,3.77,134,2.8,0.0000193,0.0351,0.06,5,,
2023,Netherlands,unknown,2.15,134,1.6,0.000735,0.0351,2.09,342,,
2023,Germany,gas,50.1,498,10.07,0.0266,0.172,15.42,530,,
2023,Germany,biomass,44.6,498,8.95,0.0103,0.172,5.96,230,,
2023,Germany,oil,2.96,498,0.6,0.00262,0.172,1.52,885,,
2023,Germany,coal,118,498,23.62,0.127,0.172,73.69,1079,,
2023,Germany,wind,142,498,28.57,0.0018,0.172,1.04,13,,
2023,Germany,solar,55.2,498,11.09,0.00194,0.172,1.13,35,,
2023,Germany,hydro,14.4,498,2.9,0.000154,0.172,0.09,11,,
2023,Germany,geothermal,0.19,498,0.04,0.00000721,0.172,0,38,,
2023,Germany,nuclear,6.72,498,1.35,0.0000345,0.172,0.02,5,,
2023,Germany,unknown,2.76,498,0.55,0.00193,0.172,1.12,700,,
2023,Saudi Arabia,gas,无,无,无,无,无,无,无,,
2023,Saudi Arabia,biomass,无,无,无,无,无,无,无,,
2023,Saudi Arabia,oil,无,无,无,无,无,无,无,,
2023,Saudi Arabia,coal,无,无,无,无,无,无,无,,
2023,Saudi Arabia,wind,无,无,无,无,无,无,无,,
2023,Saudi Arabia,solar,无,无,无,无,无,无,无,,
2023,Saudi Arabia,hydro,无,无,无,无,无,无,无,,
2023,Saudi Arabia,geothermal,无,无,无,无,无,无,无,,
2023,Saudi Arabia,nuclear,无,无,无,无,无,无,无,,
2023,Saudi Arabia,unknown,无,无,无,无,无,无,无,,
2023,South Korea,gas,160,572,27.91,0.0782,0.252,31.07,490,,
2023,South Korea,biomass,0,572,0,0,0.252,0,230,,
2023,South Korea,oil,2.38,572,0.42,0.00155,0.252,0.62,650,,
2023,South Korea,coal,181,572,31.7,0.149,0.252,59.05,820,,
2023,South Korea,wind,0,572,0,0,0.252,0,11,,
2023,South Korea,solar,9.69,572,1.69,0.000436,0.252,0.17,45,,
2023,South Korea,hydro,3,572,0.53,0.0000721,0.252,0.03,24,,
2023,South Korea,geothermal,0,572,0,0,0.252,0,38,,
2023,South Korea,nuclear,180,572,31.5,0.00216,0.252,0.86,12,,
2023,South Korea,unknown,32,572,5.6,0.0206,0.252,8.2,644,,
2023,Australia,gas,18,230,7.82,0.00882,0.113,7.79,490,,
2023,Australia,biomass,0.336,230,0.15,0.0000772,0.113,0.07,230,,
2023,Australia,oil,0.043,230,0.02,0.000028,0.113,0.02,650,,
2023,Australia,coal,124,230,53.93,0.102,0.113,89.85,820,,
2023,Australia,wind,30.7,230,13.34,0.000338,0.113,0.3,11,,
2023,Australia,solar,41.4,230,18,0.00186,0.113,1.65,45,,
2023,Australia,hydro,"15,3",230,6.63,0.000366,0.113,0.32,24,,
2023,Australia,geothermal,0,230,0,0,0.113,0,38,,
2023,Australia,nuclear,0,230,0,0,0.113,0,12,,
2023,Australia,unknown,0.0125,230,0.01,0.00000877,0.113,0.01,700,,
2023,Taiwan,gas,109,246,44.11,0.0533,0.131,40.68,490,,
2023,Taiwan,biomass,0.156,246,0.06,0.0000359,0.131,0.03,230,,
2023,Taiwan,oil,2.85,246,1.16,0.00185,0.131,1.41,650,,
2023,Taiwan,coal,84.4,246,34.26,0.0692,0.131,52.87,820,,
2023,Taiwan,wind,6.06,246,2.46,0.0000667,0.131,0.05,11,,
2023,Taiwan,solar,13.3,246,5.41,0.0006,0.131,0.46,45,,
2023,Taiwan,hydro,3.75,246,1.52,0.0000899,0.131,0.07,24,,
2023,Taiwan,geothermal,0.0124,246,0.01,4.73E-7,0.131,0,38,,
2023,Taiwan,nuclear,16.2,246,6.56,0.000194,0.131,0.15,12,,
2023,Taiwan,unknown,7.99,246,3.24,0.00559,0.131,4.27,700,,
2023,Sweden,gas,0.00166,163,0,7.2E-7,0.0033,0.02,433,,
2023,Sweden,biomass,0,163,0,0,0.0033,0,230,,
2023,Sweden,oil,0,163,0,0,0.0033,0,617,,
2023,Sweden,coal,0,163,0,0,0.0033,0,1172,,
2023,Sweden,wind,34.2,163,21.01,0.000431,0.0033,13.05,13,,
2023,Sweden,solar,1.31,163,0.8,0.0000533,0.0033,1.61,41,,
2023,Sweden,hydro,65.9,163,40.54,0.000705,0.0033,21.35,11,,
2023,Sweden,geothermal,0,163,0,0,0.0033,0,38,,
2023,Sweden,nuclear,46.6,163,28.66,0.000239,0.0033,7.24,5,,
2023,Sweden,unknown,7.26,163,4.47,0.00187,0.0033,56.71,258,,
2023,Russia,gas,0,1120,0,0,0.41,0,490,,
2023,Russia,biomass,0,1120,0,0,0.41,0,230,,
2023,Russia,oil,0,1120,0,0,0.41,0,650,,
2023,Russia,coal,0,1120,0,0,0.41,0,820,,
2023,Russia,wind,0,1120,0,0,0.41,0,11,,
2023,Russia,solar,2.57,1120,0.23,0.000116,0.41,0.03,45,,
2023,Russia,hydro,192,1120,17.17,0.00462,0.41,1.13,24,,
2023,Russia,geothermal,0,1120,0,0,0.41,0,38,,
2023,Russia,nuclear,217,1120,19.33,0.0026,0.41,0.64,12,,
2023,Russia,unknown,709,1120,63.27,0.402,0.41,98.21,567,,
2023,United Kingdom,gas,82.3,243,33.92,0.0403,0.0485,83.13,490,,
2023,United Kingdom,biomass,12.7,243,5.23,0.00292,0.0485,6.01,230,,
2023,United Kingdom,oil,0,243,0,0,0.0485,0,650,,
2023,United Kingdom,coal,2.63,243,1.08,0.00215,0.0485,4.44,820,,
2023,United Kingdom,wind,57.5,243,23.7,0.000725,0.0485,1.5,13,,
2023,United Kingdom,solar,11.9,243,4.91,0.000473,0.0485,0.98,40,,
2023,United Kingdom,hydro,3.01,243,1.24,0.0000322,0.0485,0.07,11,,
2023,United Kingdom,geothermal,0,243,0,0,0.0485,0,38,,
2023,United Kingdom,nuclear,35.8,243,14.77,0.000184,0.0485,0.38,5,,
2023,United Kingdom,unknown,2.42,243,1,0.00169,0.0485,3.5,700,,
2023,Poland,gas,12.9,168,7.71,0.00685,0.121,5.68,529,,
2023,Poland,biomass,2.12,168,1.26,0.000487,0.121,0.4,230,,
2023,Poland,oil,2.54,168,1.51,0.00225,0.121,1.86,885,,
2023,Poland,coal,96.7,168,57.65,0.11,0.121,91.42,1139,,
2023,Poland,wind,22.1,168,13.18,0.000279,0.121,0.23,13,,
2023,Poland,solar,13.2,168,7.88,0.000461,0.121,0.38,35,,
2023,Poland,hydro,1.97,168,1.17,0.000021,0.121,0.02,11,,
2023,Poland,geothermal,0,168,0,0,0.121,0,38,,
2023,Poland,nuclear,0,168,0,0,0.121,0,5,,
2023,Poland,unknown,0,168,0,0,0.121,0,700,,
2023,Brazil,gas,0,651,0,0,0.0537,0,490,,
2023,Brazil,biomass,0,651,0,0,0.0537,0,230,,
2023,Brazil,oil,0,651,0,0,0.0537,0,650,,
2023,Brazil,coal,0,651,0,0,0.0537,0,820,,
2023,Brazil,wind,95.1,651,14.6,0.00105,0.0537,1.95,11,,
2023,Brazil,solar,43.6,651,6.55,0.00192,0.0537,3.57,45,,
2023,Brazil,hydro,442,651,67.84,0.0106,0.0537,19.73,24,,
2023,Brazil,geothermal,0,651,0,0,0.0537,0,38,,
2023,Brazil,nuclear,14.5,651,2.23,0.000174,0.0537,0.32,12,,
2023,Brazil,unknown,57.1,651,8.77,0.04,0.0537,74.42,700,,
2023,Iceland,gas,0,15.9,0,0,4.42E-7,0,490,,
2023,Iceland,biomass,0,15.9,0,0,4.42E-8,0,230,,
2023,Iceland,oil,1,15.9,0,0,4.42E-9,0,650,,
2023,Iceland,coal,0,15.9,0,0,4.42E-10,0,820,,
2023,Iceland,wind,0,15.9,0,0,4.42E-11,0,11,,
2023,Iceland,solar,0,15.9,0,0,4.42E-12,0,45,,
2023,Iceland,hydro,11.5,15.9,72.39,0.000276,4.42E-13,62.34,24,,
2023,Iceland,geothermal,4.38,15.9,27.61,0.000167,4.42E-14,37.65,38,,
2023,Iceland,nuclear,0,15.9,0,0,4.42E-15,0,12,,
2023,Iceland,unknown,0,15.9,0,0,4.42E-16,0,700,,
2023,Luxembourg,gas,0.0827,4.7,1.76,0.0000439,0.000119,36.83,530,,
2023,Luxembourg,biomass,0.247,4.7,5.25,0.0000568,0.000119,47.65,230,,
2023,Luxembourg,oil,0,4.7,0,0,0.000119,0,1170,,
2023,Luxembourg,coal,0,4.7,0,0,0.000119,0,1136,,
2023,Luxembourg,wind,0.492,4.7,10.46,0.00000621,0.000119,5.21,13,,
2023,Luxembourg,solar,0.254,4.7,5.39,0.0000114,0.000119,9.58,45,,
2023,Luxembourg,hydro,0.0783,4.7,1.67,8.38E-7,0.000119,0.7,11,,
2023,Luxembourg,geothermal,0,4.7,0,0,0.000119,0,38,,
2023,Luxembourg,nuclear,0,4.7,0,0,0.000119,0,5,,
2023,Luxembourg,unknown,0,4.7,0,0,0.000119,0,700,,
2023,India,gas,29.7,1620,1.83,0.0145,1.07,1.36,490,,
2023,India,biomass,0,1620,0,0,1.07,0,230,,
2023,India,oil,0.398,1620,0.02,0.000259,1.07,0.02,650,,
2023,India,coal,1270,1620,78.39,1.04,1.07,97.69,820,,
2023,India,wind,31.2,1620,1.93,0.000343,1.07,0.03,11,,
2023,India,solar,91.3,1620,5.63,0.0041,1.07,0.39,45,,
2023,India,hydro,140,1620,8.64,0.00336,1.07,0.32,24,,
2023,India,geothermal,0,1620,0,0,1.07,0,38,,
2023,India,nuclear,47.7,1620,2.95,0.000572,1.07,0.05,12,,
2023,India,unknown,9.07,1620,0.56,0.000236,1.07,0.02,26,,
2023,Czechia,gas,2.59,83.2,3.11,0.00125,0.0379,3.31,484,,
2023,Czechia,biomass,2.07,83.2,2.49,0.000477,0.0379,1.26,230,,
2023,Czechia,oil,0.00385,83.2,0,0.00451,0.0379,0,1170,,
2023,Czechia,coal,32.1,83.2,38.61,0.0357,0.0379,94.29,1112,,
2023,Czechia,wind,0.718,83.2,0.86,0.00000906,0.0379,0.02,13,,
2023,Czechia,solar,3,83.2,3.6,0.000103,0.0379,0.27,34,,
2023,Czechia,hydro,1.97,83.2,2.37,0.0000211,0.0379,0.06,11,,
2023,Czechia,geothermal,0,83.2,0,0,0.0379,0,38,,
2023,Czechia,nuclear,30.1,83.2,36.16,0.000154,0.0379,0.41,5,,
2023,Czechia,unknown,0.00385,83.2,0,0.00000451,0.0379,0.01,1170,,
2023,Thailand,gas,无,无,无,无,无,无,无,,
2023,Thailand,biomass,无,无,无,无,无,无,无,,
2023,Thailand,oil,无,无,无,无,无,无,无,,
2023,Thailand,coal,无,无,无,无,无,无,无,,
2023,Thailand,wind,无,无,无,无,无,无,无,,
2023,Thailand,solar,无,无,无,无,无,无,无,,
2023,Thailand,hydro,无,无,无,无,无,无,无,,
2023,Thailand,geothermal,无,无,无,无,无,无,无,,
2023,Thailand,nuclear,无,无,无,无,无,无,无,,
2023,Thailand,unknown,无,无,无,无,无,无,无,,
2023,Canada,gas,只有个别地区,只有个别地区,只有个别地区,只有个别地区,只有个别地区,只有个别地区,只有个别地区,,
2023,Canada,biomass,只有个别地区,只有个别地区,只有个别地区,只有个别地区,只有个别地区,只有个别地区,只有个别地区,,
2023,Canada,oil,只有个别地区,只有个别地区,只有个别地区,只有个别地区,只有个别地区,只有个别地区,只有个别地区,,
2023,Canada,coal,只有个别地区,只有个别地区,只有个别地区,只有个别地区,只有个别地区,只有个别地区,只有个别地区,,
2023,Canada,wind,只有个别地区,只有个别地区,只有个别地区,只有个别地区,只有个别地区,只有个别地区,只有个别地区,,
2023,Canada,solar,只有个别地区,只有个别地区,只有个别地区,只有个别地区,只有个别地区,只有个别地区,只有个别地区,,
2023,Canada,hydro,只有个别地区,只有个别地区,只有个别地区,只有个别地区,只有个别地区,只有个别地区,只有个别地区,,
2023,Canada,geothermal,只有个别地区,只有个别地区,只有个别地区,只有个别地区,只有个别地区,只有个别地区,只有个别地区,,
2023,Canada,nuclear,只有个别地区,只有个别地区,只有个别地区,只有个别地区,只有个别地区,只有个别地区,只有个别地区,,
2023,Canada,unknown,只有个别地区,只有个别地区,只有个别地区,只有个别地区,只有个别地区,只有个别地区,只有个别地区,,
2023,United Arab Emirates,gas,126,165,76.29,0.0618,0.0629,98.38,490,,
2023,United Arab Emirates,biomass,0,165,0,0,0.0629,0,230,,
2023,United Arab Emirates,oil,0,165,0,0,0.0629,0,650,,
2023,United Arab Emirates,coal,0,165,0,0,0.0629,0,820,,
2023,United Arab Emirates,wind,0,165,0,0,0.0629,0,11,,
2023,United Arab Emirates,solar,10.4,165,6.26,0.000466,0.0629,0.74,45,,
2023,United Arab Emirates,hydro,0,165,0,0,0.0629,0,24,,
2023,United Arab Emirates,geothermal,0,165,0,0,0.0629,0,38,,
2023,United Arab Emirates,nuclear,28.6,165,17.27,0.000343,0.0629,0.55,12,,
2023,United Arab Emirates,unknown,0,165,0,0,0.0629,0,650,,
2023,Norway,gas,1.43,159,0.9,0.000699,0.00433,16.14,490,,
2023,Norway,biomass,0.277,159,0.17,0.0000636,0.00433,1.47,230,,
2023,Norway,oil,0,159,0,0,0.00433,0,650,,
2023,Norway,coal,0,159,0,0,0.00433,0,884,,
2023,Norway,wind,14.1,159,8.91,0.000155,0.00433,3.59,11,,
2023,Norway,solar,0,159,0,0,0.00433,0,45,,
2023,Norway,hydro,130,159,81.78,0.00311,0.00433,71.85,24,,
2023,Norway,geothermal,0,159,0,0,0.00433,0,38,,
2023,Norway,nuclear,0,159,0,0,0.00433,0,12,,
2023,Norway,unknown,0.43,159,0.27,0.000301,0.00433,6.94,700,,
2023,Bulgaria,gas,3.33,43.6,7.64,0.00177,0.0165,10.69,530,,
2023,Bulgaria,biomass,0.227,43.6,0.52,0.0000522,0.0165,0.32,230,,
2023,Bulgaria,oil,0,43.6,0,0,0.0165,0,1170,,
2023,Bulgaria,coal,12.2,43.6,28.09,0.0145,0.0165,87.67,1184,,
2023,Bulgaria,wind,1.52,43.6,3.49,0.0000192,0.0165,0.12,13,,
2023,Bulgaria,solar,2.98,43.6,6.83,0.0000826,0.0165,0.5,28,,
2023,Bulgaria,hydro,3.14,43.6,7.2,0.0000336,0.0165,0.2,11,,
2023,Bulgaria,geothermal,0,43.6,0,0,0.0165,0,38,,
2023,Bulgaria,nuclear,16.1,43.6,37.02,0.0000828,0.0165,0.5,5,,
2023,Bulgaria,unknown,0,43.6,0,0,0.0165,0,700,,
2023,Portugal,gas,9.9,55.7,17.78,0.00491,0.00606,80.94,496,,
2023,Portugal,biomass,2.9,55.7,5.21,0.000667,0.00606,11,230,,
2023,Portugal,oil,0,55.7,0,0,0.00606,0,1170,,
2023,Portugal,coal,0,55.7,0,0,0.00606,0,1118,,
2023,Portugal,wind,12.9,55.7,23.23,0.000163,0.00606,2.69,13,,
2023,Portugal,solar,3.61,55.7,6.49,0.0000924,0.00606,1.52,26,,
2023,Portugal,hydro,9.87,55.7,17.73,0.000106,0.00606,1.74,11,,
2023,Portugal,geothermal,0,55.7,0,0,0.00606,0,38,,
2023,Portugal,nuclear,0,55.7,0,0,0.00606,0,5,,
2023,Portugal,unknown,0.182,55.7,0.33,0.000127,0.00606,2.1,700,,
2023,Argentina,gas,0.00491,155,0,0.00000402,0.0559,0.01,820,,
2023,Argentina,biomass,1.16,155,0.75,0.000266,0.0559,0.48,230,,
2023,Argentina,oil,0.00946,155,0.01,0.00000615,0.0559,0.01,650,,
2023,Argentina,coal,0.00491,155,0,0.00000402,0.0559,0.01,820,,
2023,Argentina,wind,14.6,155,9.43,0.00016,0.0559,0.29,11,,
2023,Argentina,solar,3.19,155,2.06,0.000144,0.0559,0.26,45,,
2023,Argentina,hydro,40.7,155,26.35,0.000978,0.0559,1.75,24,,
2023,Argentina,geothermal,0,155,0,0,0.0559,0,38,,
2023,Argentina,nuclear,9.7,155,6.27,0.000116,0.0559,0.21,12,,
2023,Argentina,unknown,77.2,155,49.93,0.054,0.0559,96.71,700,,
2023,Slovenia,gas,0.392,21.6,1.82,0.000208,0.00349,5.97,530,,
2023,Slovenia,biomass,0.147,21.6,0.68,0.0000338,0.00349,0.97,230,,
2023,Slovenia,oil,0.000175,21.6,0,1.55E-7,0.00349,0,885,,
2023,Slovenia,coal,2.88,21.6,13.3,0.00315,0.00349,90.51,1097,,
2023,Slovenia,wind,0.00438,21.6,0.02,5.53E-8,0.00349,0,13,,
2023,Slovenia,solar,0.316,21.6,1.46,0.00000974,0.00349,0.28,31,,
2023,Slovenia,hydro,4.84,21.6,22.42,0.0000518,0.00349,1.49,11,,
2023,Slovenia,geothermal,0,21.6,0,0,0.00349,0,38,,
2023,Slovenia,nuclear,5.33,21.6,24.67,0.0000274,0.00349,0.78,5,,
2023,Slovenia,unknown,0,21.6,0,0,0.00349,0,700,,
2023,Ireland,gas,13.8,31.8,43.42,0.00821,0.0125,65.78,594,,
2023,Ireland,biomass,0.7,31.8,2.2,0.000161,0.0125,1.29,230,,
2023,Ireland,oil,0.644,31.8,2.02,0.00057,0.0125,4.56,885,,
2023,Ireland,coal,2.67,31.8,8.4,0.00337,0.0125,27.03,1262,,
2023,Ireland,wind,11.4,31.8,35.78,0.000144,0.0125,1.15,13,,
2023,Ireland,solar,0,31.8,0,0,0.0125,0,42,,
2023,Ireland,hydro,0.743,31.8,2.33,0.00000796,0.0125,0.06,11,,
2023,Ireland,geothermal,0,31.8,0,0,0.0125,0,38,,
2023,Ireland,nuclear,0,31.8,0,0,0.0125,0,5,,
2023,Ireland,unknown,0.0203,31.8,0.06,0.0000142,0.0125,0.11,700,,
2023,Singapore,gas,54.3,56.5,96.15,0.0266,0.0274,96.99,490,,
2023,Singapore,biomass,0,56.5,0,0,0.0274,0,230,,
2023,Singapore,oil,0,56.5,0,0,0.0274,0,650,,
2023,Singapore,coal,0,56.5,0,0,0.0274,0,820,,
2023,Singapore,wind,0,56.5,0,0,0.0274,0,11,,
2023,Singapore,solar,0.901,56.5,1.6,0.0000406,0.0274,0.15,45,,
2023,Singapore,hydro,0,56.5,0,0,0.0274,0,24,,
2023,Singapore,geothermal,0,56.5,0,0,0.0274,0,38,,
2023,Singapore,nuclear,0,56.5,0,0,0.0274,0,12,,
2023,Singapore,unknown,1.12,56.5,1.98,0.000784,0.0274,2.86,700,,
2023,Morocco,gas,无,无,无,无,无,无,无,,
2023,Morocco,biomass,无,无,无,无,无,无,无,,
2023,Morocco,oil,无,无,无,无,无,无,无,,
2023,Morocco,coal,无,无,无,无,无,无,无,,
2023,Morocco,wind,无,无,无,无,无,无,无,,
2023,Morocco,solar,无,无,无,无,无,无,无,,
2023,Morocco,hydro,无,无,无,无,无,无,无,,
2023,Morocco,geothermal,无,无,无,无,无,无,无,,
2023,Morocco,nuclear,无,无,无,无,无,无,无,,
2023,Morocco,unknown,无,无,无,无,无,无,无,,
2023,Hungary,gas,6.53,49.3,13.25,0.00367,0.00797,46.11,562,,
2023,Hungary,biomass,0.902,49.3,1.83,0.000207,0.00797,2.6,230,,
2023,Hungary,oil,0.00955,49.3,0.02,0.00000845,0.00797,0.11,885,,
2023,Hungary,coal,2.7,49.3,5.47,0.00349,0.00797,43.8,1292,,
2023,Hungary,wind,0.62,49.3,1.26,0.00000783,0.00797,0.1,13,,
2023,Hungary,solar,4.37,49.3,8.86,0.000134,0.00797,1.68,31,,
2023,Hungary,hydro,0.19,49.3,0.39,0.00000204,0.00797,0.03,11,,
2023,Hungary,geothermal,0.00149,49.3,0,5.56E-8,0.00797,0,38,,
2023,Hungary,nuclear,15,49.3,30.47,0.0000771,0.00797,0.97,5,,
2023,Hungary,unknown,0.524,49.3,1.06,0.000367,0.00797,4.6,700,,
2023,Turkey,gas,66.4,311,21.31,0.0325,0.135,24.16,490,,
2023,Turkey,biomass,8.12,311,2.61,0.00187,0.135,1.39,230,,
2023,Turkey,oil,0.701,311,0.23,0.000456,0.135,0.34,650,,
2023,Turkey,coal,118,311,37.95,0.0969,0.135,71.99,820,,
2023,Turkey,wind,33.7,311,10.83,0.000371,0.135,0.28,11,,
2023,Turkey,solar,3.85,311,1.24,0.000101,0.135,0.07,26,,
2023,Turkey,hydro,63.7,311,20.45,0.00153,0.135,1.14,24,,
2023,Turkey,geothermal,10.1,311,3.25,0.000384,0.135,0.29,38,,
2023,Turkey,nuclear,0,311,0,0,0.135,0,12,,
2023,Turkey,unknown,0.668,311,0.21,0.000467,0.135,0.35,700,,
2023,Austria,gas,6.42,75.7,8.48,0.00321,0.00441,72.71,500,,
2023,Austria,biomass,2.28,75.7,3.01,0.000524,0.00441,11.86,230,,
2023,Austria,oil,0,75.7,0,0,0.00441,0,885,,
2023,Austria,coal,0,75.7,0,0,0.00441,0,1187,,
2023,Austria,wind,8.26,75.7,10.91,0.000104,0.00441,2.36,13,,
2023,Austria,solar,2.35,75.7,3.1,0.0000728,0.00441,1.65,31,,
2023,Austria,hydro,34.5,75.7,45.55,0.000369,0.00441,8.36,11,,
2023,Austria,geothermal,0,75.7,0,0,0.00441,0,38,,
2023,Austria,nuclear,0,75.7,0,0,0.00441,0,5,,
2023,Austria,unknown,0.193,75.7,0.25,0.000135,0.00441,3.06,700,,
2023,Belgium,gas,15.3,95.2,16.05,0.00785,0.0133,58.9,514,,
2023,Belgium,biomass,3.01,95.2,3.17,0.000693,0.0133,5.2,230,,
2023,Belgium,oil,0.0014,95.2,0,0.00000124,0.0133,0.01,885,,
2023,Belgium,coal,0,95.2,0,0,0.0133,0,1097,,
2023,Belgium,wind,14.1,95.2,14.86,0.000179,0.0133,1.34,13,,
2023,Belgium,solar,7.19,95.2,7.55,0.000259,0.0133,1.94,36,,
2023,Belgium,hydro,0.217,95.2,0.23,0.00000232,0.0133,0.02,11,,
2023,Belgium,geothermal,0,95.2,0,0,0.0133,0,38,,
2023,Belgium,nuclear,31.3,95.2,32.86,0.000161,0.0133,1.2,5,,
2023,Belgium,unknown,0.0014,95.2,0,0.00000124,0.0133,0.01,885,,
